Workbook

Sheet 使い方
A1: このファイルの使い方
B2: このExcelを編集してGitHubの data フォルダにアップロードすると、自動でサイトのデータ（ai-tools.json）に変換されます。
A4: 編集のルール
A5: シート名・見出し | B5: 「AIツール一覧」シートの名前と、1行目の見出しは変えないでください。
A6: AIを追加する | B6: 一番下の空いている行に入力します。行の順番がサイトでの並び順になります。
A7: AIを削除する | B7: 行ごと削除します（行を右クリック →「削除」）。
A8: カテゴリ | B8: 「カテゴリ一覧」シートにある名前を、「、」で区切って入力します。例：画像作成、画像編集
A9: 強み | B9: 1つのセルに4項目を入れます。項目の間は Alt＋Enter で改行します。
A10: 料金タイプ | B10: セルを選ぶと出る ▼ から選びます（完全無料／無料枠あり／トライアルのみ）。
A11: 無料利用範囲 | B11: 空欄にすると、料金タイプに合わせた標準の文が自動で入ります。
A12: 日本語対応 | B12: ▼ から選びます。◯＝日本語の画面あり、△＝日本語で入力・出力できる、×＝英語中心
A13: 登録不要 | B13: アカウントなしで試せる場合だけ ◯ を選びます。それ以外は空欄。
A14: TOP10順位 | B14: よく使われるAIのTOP10に入れる場合だけ、1〜10の順位を入れます。カテゴリへのTOP10の追加は自動です。
A16: サイトに反映する手順
A17: 1 | B17: このファイルを保存します（ファイル名は ai-tools.xlsx のまま）。
A18: 2 | B18: GitHubのリポジトリで data フォルダを開き、「Add file」→「Upload files」でこのファイルをアップロードして「Commit changes」を押します。
A19: 3 | B19: 「Actions」タブで「ExcelからJSONに変換」が緑の ✓ になれば完了です。数分でサイトに反映されます。
A20: 4 | B20: 赤い ✕ になった場合は、入力ミスがあります。✕ をクリックすると、何行目のどこが間違っているかが表示されます。サイトは前の状態のまま壊れません。

Sheet AIツール一覧
A1: AI名 | B1: URL | C1: 国 | D1: 開発企業 | E1: カテゴリ | F1: 強み | G1: 料金タイプ | H1: 無料利用範囲 | I1: 日本語対応 | J1: 登録不要 | K1: TOP10順位
A2: ChatGPT | B2: https://chatgpt.com | C2: アメリカ | D2: OpenAI | E2: よく使われるAIのTOP10、パーソナルアシスタント、情報検索・リサーチ、学習・教育、テキスト生成・AI執筆、画像作成、Excel・事務作業 | F2: 会話・文章作成・要約・翻訳を1つで 画像生成や画像の読み取りに対応 PDF・Excelを読み込んで分析 スマホアプリで音声会話 | G2: 無料枠あり | H2: 無料プランあり（回数・機能に制限） | I2: ◯ | J2: ◯ | K2: 1
A3: Claude | B3: https://claude.ai | C3: アメリカ | D3: Anthropic | E3: よく使われるAIのTOP10、パーソナルアシスタント、ノーコードでアプリ作成、要約と構造化、テキスト生成・AI執筆、データ分析・予測、Excel・事務作業 | F3: 長い文書や資料を一度に読み込める 自然で丁寧な日本語の文章 プログラムの作成・修正が得意 画面上で動くアプリや図を作成 | G3: 無料枠あり | H3: 無料プランあり（回数・機能に制限） | I3: ◯ | K3: 3
A4: Google Gemini | B4: https://gemini.google.com | C4: アメリカ | D4: Google | E4: よく使われるAIのTOP10、パーソナルアシスタント、情報検索・リサーチ、画像作成、データ分析・予測、Excel・事務作業 | F4: Gmail・ドライブ・YouTubeと連携 Google検索で最新情報を反映 画像・動画生成（Imagen・Veo） Deep Researchで調査レポート | G4: 無料枠あり | H4: 無料プランあり（回数・機能に制限） | I4: ◯ | K4: 2
A5: Microsoft Copilot | B5: https://copilot.microsoft.com | C5: アメリカ | D5: Microsoft | E5: よく使われるAIのTOP10、パーソナルアシスタント、情報検索・リサーチ、画像作成、Excel・事務作業 | F5: Bing検索の結果を出典付きで回答 無料で画像生成も可能 Windows・Edgeに標準搭載 音声で会話できる | G5: 完全無料 | H5: Microsoftアカウントで無料利用可 | I5: ◯ | J5: ◯ | K5: 7
A6: Meta AI | B6: https://www.meta.ai | C6: アメリカ | D6: Meta | E6: よく使われるAIのTOP10、パーソナルアシスタント、画像作成 | F6: Instagram・WhatsApp・Messengerから使える 画像生成と画像編集 会話は無料 Llamaモデルを使用 | G6: 完全無料 | H6: 無料で利用可能 | I6: △ | K6: 10
A7: Grok | B7: https://grok.com | C7: アメリカ | D7: xAI | E7: よく使われるAIのTOP10、パーソナルアシスタント、情報検索・リサーチ、画像作成 | F7: X（旧Twitter）の投稿をもとに最新の話題を回答 画像生成・画像編集 Webアプリとスマホアプリあり 深い推論モード | G7: 無料枠あり | H7: 無料プランあり（回数・機能に制限） | I7: ◯ | K7: 5
A8: Perplexity | B8: https://www.perplexity.ai | C8: アメリカ | D8: Perplexity AI | E8: よく使われるAIのTOP10、情報検索・リサーチ、論文・リサーチ分析 | F8: 回答ごとに参照元のリンクを表示 複数サイトをまとめて要約 論文・ニュースに絞った検索 深掘り調査（Research） | G8: 無料枠あり | H8: 無料プランあり（回数・機能に制限） | I8: ◯ | J8: ◯ | K8: 6
A9: DeepSeek | B9: https://chat.deepseek.com | C9: 中国 | D9: DeepSeek | E9: よく使われるAIのTOP10、パーソナルアシスタント、開発者向けツール、情報検索・リサーチ、学習・教育 | F9: 数学・論理の推論に強い プログラム生成が得意 Web版・アプリとも無料 モデルがオープン公開 | G9: 完全無料 | H9: 無料で利用可能 | I9: △ | K9: 4
A10: Qwen Chat（通义千问） | B10: https://chat.qwen.ai | C10: 中国 | D10: Alibaba | E10: パーソナルアシスタント、情報検索・リサーチ、画像作成 | F10: 長い文書の読解 画像・動画の生成 Webページ・アプリの作成 多言語に対応（日本語入力可） | G10: 完全無料 | H10: 無料で利用可能 | I10: △
A11: Kimi | B11: https://www.kimi.com | C11: 中国 | D11: Moonshot AI | E11: パーソナルアシスタント、要約と構造化、情報検索・リサーチ | F11: とても長い文書・複数ファイルを読める Web検索で調べてまとめる スライド資料の作成 推論モデルを無料で利用 | G11: 完全無料 | H11: 無料で利用可能 | I11: △
A12: Doubao（豆包） | B12: https://www.doubao.com | C12: 中国 | D12: ByteDance | E12: パーソナルアシスタント、学習・教育 | F12: 中国で利用者が多い対話AI 音声で自然に会話 画像生成・写真加工 文章作成・翻訳 | G12: 完全無料 | H12: 無料で利用可能 | I12: △
A13: ERNIE Bot（文心一言） | B13: https://yiyan.baidu.com | C13: 中国 | D13: Baidu | E13: パーソナルアシスタント、情報検索・リサーチ | F13: 百度（Baidu）検索と連携 中国語の文章・知識に強い 画像生成 個人利用は無料 | G13: 完全無料 | H13: 無料で利用可能 | I13: △
A14: 智谱清言（ChatGLM） | B14: https://chatglm.cn | C14: 中国 | D14: Zhipu AI | E14: パーソナルアシスタント、情報検索・リサーチ | F14: 清華大学発のGLMモデル 中国語の会話・文章作成 Web検索とファイル読解 エージェント機能 | G14: 完全無料 | H14: 無料で利用可能 | I14: △
A15: 腾讯元宝（Yuanbao） | B15: https://yuanbao.tencent.com | C15: 中国 | D15: Tencent | E15: パーソナルアシスタント、情報検索・リサーチ | F15: WeChat公式アカウントの記事を検索 DeepSeekとHunyuanを切り替え ファイル要約 無料で利用 | G15: 完全無料 | H15: 無料で利用可能 | I15: △
A16: 讯飞星火（iFlytek Spark） | B16: https://xinghuo.xfyun.cn | C16: 中国 | D16: iFlytek | E16: パーソナルアシスタント、言語・翻訳 | F16: 音声認識・音声合成の技術に強い 中国語と英語の翻訳 教育・事務向け機能 文章作成 | G16: 完全無料 | H16: 無料で利用可能 | I16: △
A17: Le Chat | B17: https://chat.mistral.ai | C17: フランス | D17: Mistral AI | E17: パーソナルアシスタント、情報検索・リサーチ | F17: 応答がとても速い Web検索と出典表示 画像生成 ヨーロッパのプライバシー基準 | G17: 無料枠あり | H17: 無料プランあり（回数・機能に制限） | I17: △
A18: Poe | B18: https://poe.com | C18: アメリカ | D18: Quora | E18: パーソナルアシスタント | F18: ChatGPT・Claude・Geminiなどを1つの画面で切替 回答を比べやすい 自分専用ボットを作成 スマホアプリ | G18: 無料枠あり | H18: 無料プランあり（回数・機能に制限） | I18: ◯
A19: Pi | B19: https://pi.ai | C19: アメリカ | D19: Inflection AI | E19: 悩み相談、パーソナルアシスタント | F19: 共感を大切にした話し相手 やさしい口調で雑談・相談 音声で会話できる 登録なしでも試せる | G19: 完全無料 | H19: 無料で利用可能 | I19: △
A20: You.com | B20: https://you.com | C20: アメリカ | D20: You.com | E20: 情報検索・リサーチ | F20: AI検索と出典表示 調査モード（Research） 複数のAIモデルを選択 ファイルを読み込んで質問 | G20: 無料枠あり | H20: 無料プランあり（回数・機能に制限） | I20: △ | J20: ◯
A21: Genspark | B21: https://www.genspark.ai | C21: アメリカ | D21: Genspark | E21: 情報検索・リサーチ、パーソナルアシスタント | F21: 検索結果をまとめたページを自動作成 スライド・表・資料の作成 電話予約などのエージェント 複数AIを組み合わせ | G21: 無料枠あり | H21: 無料プランあり（回数・機能に制限） | I21: ◯
A22: Felo | B22: https://felo.ai | C22: 日本 | D22: Sparticle | E22: 情報検索・リサーチ、日本語特化 | F22: 日本発のAI検索 日本語で出典付き回答 検索結果からスライド・マインドマップを作成 多言語の情報をまとめて翻訳 | G22: 無料枠あり | H22: 無料プランあり（回数・機能に制限） | I22: ◯
A23: Manus | B23: https://manus.im | C23: シンガポール | D23: Butterfly Effect | E23: パーソナルアシスタント、タスクの自動化（RPA連携） | F23: 指示を出すと自分で調べて作業を進める レポート・Webサイトを作成 作業の過程を見られる 複数ステップのタスクを代行 | G23: 無料枠あり | H23: 無料プランあり（回数・機能に制限） | I23: ◯
A24: Monica | B24: https://monica.im | C24: シンガポール | D24: Butterfly Effect | E24: パーソナルアシスタント、要約と構造化 | F24: ブラウザ拡張で閲覧中のページを要約 YouTube動画の要約 翻訳・文章の書き直し 複数のAIモデルを利用 | G24: 無料枠あり | H24: 無料プランあり（回数・機能に制限） | I24: ◯
A25: GigaChat | B25: https://giga.chat | C25: ロシア | D25: Sber | E25: パーソナルアシスタント | F25: ロシア語の会話・文章作成 画像生成（Kandinsky） ロシアの銀行Sber製 無料で利用 | G25: 完全無料 | H25: 無料で利用可能 | I25: ×
A26: Alice（YandexGPT） | B26: https://alice.yandex.ru | C26: ロシア | D26: Yandex | E26: パーソナルアシスタント | F26: ロシア語の音声アシスタント Yandex検索と連携 スマートスピーカー対応 文章作成 | G26: 完全無料 | H26: 無料で利用可能 | I26: ×
A27: Wrtn（リートン） | B27: https://wrtn.ai | C27: 韓国 | D27: Wrtn Technologies | E27: パーソナルアシスタント、テキスト生成・AI執筆 | F27: 最新のAIモデルを無料で利用 日本語画面あり 画像生成 用途別のAIツール集 | G27: 完全無料 | H27: 無料で利用可能 | I27: ◯
A28: Brave Leo | B28: https://brave.com/leo/ | C28: アメリカ | D28: Brave | E28: パーソナルアシスタント、情報検索・リサーチ | F28: Braveブラウザに内蔵 閲覧中のページや動画を要約 会話履歴を保存しない設計 アカウントなしで利用可 | G28: 無料枠あり | H28: 無料プランあり（回数・機能に制限） | I28: ◯ | J28: ◯
A29: 秘塔AI搜索（Metaso） | B29: https://metaso.cn | C29: 中国 | D29: 秘塔科技 | E29: 情報検索・リサーチ | F29: 広告のないAI検索 回答をマインドマップで整理 学術論文の検索 中国語の情報に強い | G29: 完全無料 | H29: 無料で利用可能 | I29: △
A30: Skywork | B30: https://skywork.ai | C30: シンガポール | D30: Skywork AI（Kunlun Tech） | E30: 情報検索・リサーチ、パーソナルアシスタント | F30: 調べものをまとめてレポート化 スライド・表・Webページを生成 複数のエージェントで作業 出典付き | G30: 無料枠あり | H30: 無料プランあり（回数・機能に制限） | I30: △
A31: Kagi | B31: https://kagi.com | C31: アメリカ | D31: Kagi | E31: 情報検索・リサーチ | F31: 広告・追跡のない検索エンジン 検索結果のAI要約 好きなサイトを優先・除外できる お試し後は有料 | G31: トライアルのみ | H31: お試し検索回数のみ（継続は有料） | I31: ×
A32: Liner | B32: https://liner.com | C32: 韓国 | D32: Liner | E32: 情報検索・リサーチ、論文・リサーチ分析 | F32: 信頼できる出典を優先して回答 論文検索と引用表示 Webページのハイライト保存 日本語で利用可 | G32: 無料枠あり | H32: 無料プランあり（回数・機能に制限） | I32: ◯
A33: HyperWrite | B33: https://www.hyperwriteai.com | C33: アメリカ | D33: OthersideAI | E33: テキスト生成・AI執筆、パーソナルアシスタント | F33: 文章の続きを予測して書く ブラウザ操作を代行するエージェント 調査・要約 メール作成 | G33: 無料枠あり | H33: 無料プランあり（回数・機能に制限） | I33: △
A34: Llama | B34: https://www.llama.com | C34: アメリカ | D34: Meta | E34: 開発者向けツール | F34: Meta公開の代表的なオープンモデル PCやサーバーで動かせる 自由にカスタマイズ可能 商用利用も可（条件あり） | G34: 完全無料 | H34: 無料で利用可能 | I34: ×
A35: Gemma | B35: https://ai.google.dev/gemma | C35: アメリカ | D35: Google | E35: 開発者向けツール | F35: Google製の軽量オープンモデル 一般的なPCでも動作 画像も理解できる版あり スマホ向けの小型版 | G35: 完全無料 | H35: 無料で利用可能 | I35: ×
A36: Phi | B36: https://azure.microsoft.com/ja-jp/products/phi | C36: アメリカ | D36: Microsoft | E36: 開発者向けツール | F36: Microsoft製の小型モデル 少ないメモリで動く 推論・数学が得意 オープン公開 | G36: 完全無料 | H36: 無料で利用可能 | I36: ×
A37: OLMo | B37: https://allenai.org/olmo | C37: アメリカ | D37: Allen Institute for AI | E37: 開発者向けツール、論文・リサーチ分析 | F37: 学習データ・学習方法まで完全公開 研究・教育向け 自分で再学習できる 非営利団体が開発 | G37: 完全無料 | H37: 無料で利用可能 | I37: △
A38: Falcon | B38: https://falconllm.tii.ae | C38: アラブ首長国連邦 | D38: TII | E38: 開発者向けツール | F38: UAEの研究所が開発 オープンモデル アラビア語など多言語 小型〜大型まで複数サイズ | G38: 完全無料 | H38: 無料で利用可能 | I38: ×
A39: EXAONE | B39: https://www.lgresearch.ai | C39: 韓国 | D39: LG AI Research | E39: 開発者向けツール | F39: 韓国LGの研究所が開発 韓国語と英語に強い 推論性能が高い オープンモデル公開 | G39: 完全無料 | H39: 無料で利用可能 | I39: ×
A40: Swallow | B40: https://swallow-llm.github.io | C40: 日本 | D40: 東京科学大学 | E40: 開発者向けツール、日本語特化 | F40: Llama等を日本語で追加学習 日本語の読み書き性能が高い オープン公開 研究・業務で利用可 | G40: 完全無料 | H40: 無料で利用可能 | I40: ◯
... A42: ELYZA | B42: https://elyza.ai | C42: 日本 | D42: ELYZA | E42: 開発者向けツール、日本語特化 | F42: 東大発ベンチャーの日本語LLM 日本語の指示に強い モデルをオープン公開 企業向け導入支援 | G42: 完全無料 | H42: 公開モデルは無料 | I42: ◯
A43: Ollama | B43: https://ollama.com | C43: アメリカ | D43: Ollama | E43: 開発者向けツール | F43: コマンド1つでAIをPCにダウンロード ネットなしで使える Llama・Gemma等に対応 他アプリから呼び出せる | G43: 完全無料 | H43: 無料で利用可能 | I43: × | J43: ◯
A44: LM Studio | B44: https://lmstudio.ai | C44: アメリカ | D44: Element Labs | E44: 開発者向けツール | F44: 画面操作でローカルAIを使える モデルの検索・ダウンロードが簡単 日本語画面に対応 プログラミング不要 | G44: 完全無料 | H44: 無料で利用可能 | I44: ◯ | J44: ◯
A45: GPT4All | B45: https://www.nomic.ai/gpt4all | C45: アメリカ | D45: Nomic AI | E45: 開発者向けツール | F45: オフラインで動くAIチャット 自分の文書を読ませて質問 一般的なPCで動作 無料・オープンソース | G45: 完全無料 | H45: 無料で利用可能 | I45: × | J45: ◯
A46: Jan | B46: https://jan.ai | C46: シンガポール | D46: Menlo Research | E46: 開発者向けツール | F46: ChatGPT風の画面でローカルAI データをPC内に保存 オープンソース 外部AIとも接続可 | G46: 完全無料 | H46: 無料で利用可能 | I46: × | J46: ◯
A47: Open WebUI | B47: https://openwebui.com | C47: アメリカ | D47: Open WebUI | E47: 開発者向けツール | F47: 自分のPCやサーバーにAIチャット画面を作る Ollamaと連携 文書検索（RAG） 複数人で利用 | G47: 完全無料 | H47: 無料で利用可能 | I47: ×
A48: Hugging Face | B48: https://huggingface.co | C48: アメリカ | D48: Hugging Face | E48: 開発者向けツール、データ分析・予測 | F48: 数十万のAIモデルとデータセット ブラウザで試せるデモ（Spaces） モデルの共有・公開 AI開発者のコミュニティ | G48: 無料枠あり | H48: 無料プランあり（回数・機能に制限） | I48: ×
A49: Google AI Studio | B49: https://aistudio.google.com | C49: アメリカ | D49: Google | E49: ノーコードでアプリ作成 | F49: Geminiを無料で試せる APIキーをすぐ発行 プロンプトの調整・比較 会話からアプリを試作 | G49: 完全無料 | H49: 無料で利用可能 | I49: △
A50: Google Colab | B50: https://colab.research.google.com | C50: アメリカ | D50: Google | E50: 開発者向けツール、データ分析・予測、学習・教育 | F50: ブラウザでPythonを実行 無料でGPUを使える Googleドライブに保存 AIの学習に最適 | G50: 無料枠あり | H50: 無料GPUは時間制限あり | I50: ◯
A51: Kaggle | B51: https://www.kaggle.com | C51: アメリカ | D51: Google | E51: データ分析・予測、学習・教育 | F51: 無料のデータセットが多数 ブラウザでPython・GPUを利用 データ分析コンペ 学習コースあり | G51: 完全無料 | H51: 無料で利用可能 | I51: △
A52: Groq | B52: https://groq.com | C52: アメリカ | D52: Groq | E52: 開発者向けツール | F52: 専用チップでとても速い応答 オープンモデルをAPIで利用 無料枠あり リアルタイム用途向け | G52: 無料枠あり | H52: 無料プランあり（回数・機能に制限） | I52: ×
A53: OpenRouter | B53: https://openrouter.ai | C53: アメリカ | D53: OpenRouter | E53: 開発者向けツール | F53: 数百のAIモデルを1つのAPIで 料金・速度を比較 無料モデルあり 切り替えが簡単 | G53: 無料枠あり | H53: 無料プランあり（回数・機能に制限） | I53: ×
A54: Replicate | B54: https://replicate.com | C54: アメリカ | D54: Replicate | E54: 開発者向けツール、画像作成 | F54: 画像・動画・音声モデルをAPIで利用 自作モデルを公開 使った分だけの従量課金 試用枠のみ無料 | G54: トライアルのみ | H54: 無料トライアルのみ（継続利用は有料） | I54: △
A55: Together AI | B55: https://www.together.ai | C55: アメリカ | D55: Together AI | E55: 開発者向けツール | F55: オープンモデルの高速API 追加学習（ファインチューニング） GPUレンタル 初回クレジットのみ | G55: トライアルのみ | H55: 無料トライアルのみ（継続利用は有料） | I55: ×
A56: Cohere | B56: https://cohere.com | C56: カナダ | D56: Cohere | E56: 開発者向けツール | F56: 文書検索（RAG）向けに強い 多言語の埋め込みモデル 企業向けの安全性 試用キーは無料 | G56: 無料枠あり | H56: 無料プランあり（回数・機能に制限） | I56: ×
A57: Dify | B57: https://dify.ai | C57: アメリカ | D57: LangGenius | E57: ノーコードでアプリ作成、タスクの自動化（RPA連携） | F57: 画面操作でAIチャットボットを作成 社内文書を読ませて回答 ワークフローで自動化 日本語画面あり | G57: 無料枠あり | H57: クラウド版の無料枠・自前運用は無料 | I57: ◯
A58: Flowise | B58: https://flowiseai.com | C58: アメリカ | D58: FlowiseAI | E58: ノーコードでアプリ作成 | F58: ブロックをつなぐだけでAIアプリ LangChain対応 自分のPCで無料で動く オープンソース | G58: 完全無料 | H58: 無料で利用可能 | I58: △
... A80: GitHub Copilot | B80: https://github.com/features/copilot | C80: アメリカ | D80: GitHub（Microsoft） | E80: コード補完、開発者向けツール、Android開発 | F80: 入力中のコードの続きを提案 チャットで質問・修正 VS Code・Android Studio対応 無料プランあり | G80: 無料枠あり | H80: Copilot Free（月の回数制限） | I80: △
A81: Cursor | B81: https://cursor.com | C81: アメリカ | D81: Anysphere | E81: よく使われるAIのTOP10、コード補完、開発者向けツール、Android開発 | F81: AI中心のコードエディタ プロジェクト全体を理解して修正 複数ファイルを一度に編集 VS Code拡張が使える | G81: 無料枠あり | H81: 無料プランあり（回数・機能に制限） | I81: △ | K81: 9
A82: Devin Desktop | B82: https://devin.ai/desktop | C82: アメリカ | D82: Cognition | E82: コード補完、開発者向けツール | F82: AIエージェント付きエディタ プロジェクトを理解して作業 旧Codeium 無料プランあり | G82: 無料枠あり | H82: 無料プランあり（回数・機能に制限） | I82: △
A83: Gemini Code Assist | B83: https://codeassist.google | C83: アメリカ | D83: Google | E83: コード補完、Android開発 | F83: 個人は無料でコード補完 VS Code・JetBrains対応 チャットで質問 GitHubのレビュー機能 | G83: 完全無料 | H83: 個人利用は無料 | I83: △
A84: Amazon Q Developer | B84: https://aws.amazon.com/q/developer/ | C84: アメリカ | D84: Amazon | E84: コード補完 | F84: AWSの使い方を回答 コードの変換・アップグレード 脆弱性チェック 無料プランあり | G84: 無料枠あり | H84: 無料プランあり（回数・機能に制限） | I84: △
A85: Kiro | B85: https://kiro.dev | C85: アメリカ | D85: Amazon | E85: コード補完、開発者向けツール | F85: 仕様書を作ってから開発 AIエージェントのIDE 作業手順を自動化 Amazon製 | G85: 無料枠あり | H85: 無料プランあり（回数・機能に制限） | I85: △
A86: Jules | B86: https://jules.google | C86: アメリカ | D86: Google | E86: コード補完 | F86: GitHubのリポジトリで作業を代行 バグ修正・テスト追加 非同期で作業 Google製 | G86: 無料枠あり | H86: 無料プランあり（回数・機能に制限） | I86: △
A87: Continue | B87: https://www.continue.dev | C87: アメリカ | D87: Continue | E87: コード補完 | F87: VS Code・JetBrainsで使えるAI補完 好きなAIモデルを接続 ローカルAIも可 オープンソース | G87: 完全無料 | H87: 無料で利用可能 | I87: △
A88: Cline | B88: https://cline.bot | C88: アメリカ | D88: Cline | E88: コード補完 | F88: VS Codeでファイル編集・コマンド実行を代行 変更前に確認できる 好きなAIを接続 オープンソース | G88: 完全無料 | H88: 拡張は無料（AI利用料は別） | I88: △
A89: Aider | B89: https://aider.chat | C89: アメリカ | D89: Aider | E89: コード補完 | F89: ターミナルでAIと一緒にコード編集 Gitに自動コミット 多くのAIに対応 オープンソース | G89: 完全無料 | H89: ツールは無料（AI利用料は別） | I89: △
A90: Replit | B90: https://replit.com | C90: アメリカ | D90: Replit | E90: ノーコードでアプリ作成、コード補完、学習・教育 | F90: ブラウザだけでプログラミング AIに頼むとアプリを作成 ワンクリックで公開 学習用にも | G90: 無料枠あり | H90: 無料プランあり（回数・機能に制限） | I90: △
A91: Bolt.new | B91: https://bolt.new | C91: アメリカ | D91: StackBlitz | E91: ノーコードでアプリ作成 | F91: 指示文だけでWebアプリを作成 ブラウザ上ですぐ動作確認 そのまま公開 コード編集も可 | G91: 無料枠あり | H91: 無料プランあり（回数・機能に制限） | I91: △
A92: Lovable | B92: https://lovable.dev | C92: スウェーデン | D92: Lovable | E92: ノーコードでアプリ作成、デザイン・UI/UX | F92: 会話でWebアプリを作成 見た目がきれい データベース連携（Supabase） GitHubに保存 | G92: 無料枠あり | H92: 無料プランあり（回数・機能に制限） | I92: △
A93: v0 | B93: https://v0.app | C93: アメリカ | D93: Vercel | E93: ノーコードでアプリ作成、デザイン・UI/UX | F93: 文章からUI画面を生成 React・Next.jsのコード出力 Vercelですぐ公開 画像から画面を再現 | G93: 無料枠あり | H93: 無料プランあり（回数・機能に制限） | I93: △
... A111: NightCafe | B111: https://creator.nightcafe.studio | C111: オーストラリア | D111: NightCafe | E111: 画像作成 | F111: 複数の画像モデルを選べる 作品を投稿するコミュニティ 毎日の無料クレジット チャレンジ企画 | G111: 無料枠あり | H111: 無料プランあり（回数・機能に制限） | I111: △
A112: Craiyon | B112: https://www.craiyon.com | C112: アメリカ | D112: Craiyon | E112: 画像作成 | F112: 登録なしですぐ画像生成 完全無料 1回で複数案 手軽に試せる | G112: 完全無料 | H112: 無料（広告あり） | I112: △ | J112: ◯
A113: Krea | B113: https://www.krea.ai | C113: アメリカ | D113: Krea | E113: 画像作成、動画作成 | F113: 描きながらリアルタイムに生成 画像の高画質化 動画生成 複数モデルを利用 | G113: 無料枠あり | H113: 無料プランあり（回数・機能に制限） | I113: △
A114: FLUX | B114: https://bfl.ai | C114: ドイツ | D114: Black Forest Labs | E114: 画像作成 | F114: 写実的で高品質な画像 文字の描画が得意 一部モデルをオープン公開 ドイツの研究チーム | G114: 完全無料 | H114: 公開モデルはローカルで無料 | I114: △
A115: Recraft | B115: https://www.recraft.ai | C115: アメリカ | D115: Recraft | E115: 画像作成、デザイン・UI/UX | F115: ベクター画像（SVG）を生成 アイコン・ロゴのセット ブランド色を統一 モックアップ作成 | G115: 無料枠あり | H115: 無料プランあり（回数・機能に制限） | I115: △
A116: SeaArt | B116: https://www.seaart.ai | C116: シンガポール | D116: SeaArt | E116: 画像作成 | F116: アニメ・イラストのモデルが豊富 画像から動画 キャラクターチャット 毎日クレジット | G116: 無料枠あり | H116: 無料プランあり（回数・機能に制限） | I116: △
A117: Dreamina（即梦） | B117: https://dreamina.capcut.com | C117: シンガポール | D117: ByteDance | E117: 画像作成、動画作成 | F117: ByteDanceの画像・動画生成 日本語入力可 リップシンク動画 毎日クレジット | G117: 無料枠あり | H117: 毎日無料クレジット付与 | I117: △
A118: Lexica | B118: https://lexica.art | C118: アメリカ | D118: Lexica | E118: 画像作成 | F118: 生成画像の検索エンジン プロンプトの参考になる 自前モデルで生成 シンプル操作 | G118: 無料枠あり | H118: 無料プランあり（回数・機能に制限） | I118: △
A119: OpenArt | B119: https://openart.ai | C119: アメリカ | D119: OpenArt | E119: 画像作成 | F119: 多数のモデルを1か所で 同じキャラクターを保って生成 画像編集・拡大 ワークフロー共有 | G119: 無料枠あり | H119: 無料プランあり（回数・機能に制限） | I119: △
A120: Freepik AI | B120: https://www.freepik.com/ai | C120: スペイン | D120: Freepik | E120: 画像作成、デザイン・UI/UX | F120: 素材サイトFreepikに統合 画像・動画・音声の生成 高画質化・編集 素材と組み合わせ | G120: 無料枠あり | H120: 無料プランあり（回数・機能に制限） | I120: △
A121: Mage.space | B121: https://www.mage.space | C121: アメリカ | D121: Mage | E121: 画像作成 | F121: シンプルな画像生成 複数モデル 無料で試せる 高速 | G121: 無料枠あり | H121: 無料プランあり（回数・機能に制限） | I121: △
A122: Artbreeder | B122: https://www.artbreeder.com | C122: アメリカ | D122: Artbreeder | E122: 画像作成 | F122: 画像を混ぜ合わせて新しい画像 キャラクターの顔づくり コラージュから生成 共同創作 | G122: 無料枠あり | H122: 無料プランあり（回数・機能に制限） | I122: △
A123: AIピカソ | B123: https://aipicasso.app | C123: 日本 | D123: AI Picasso | E123: 画像作成、日本語特化 | F123: 日本語で画像生成 スマホアプリで手軽 イラスト・アニメ調が得意 日本の開発元 | G123: 無料枠あり | H123: 無料プランあり（回数・機能に制限） | I123: ◯
A124: ComfyUI | B124: https://www.comfy.org | C124: アメリカ | D124: Comfy Org | E124: 画像作成、動画作成 | F124: ノードをつないで画像・動画生成 細かく制御できる 最新モデルにすぐ対応 無料・オープンソース | G124: 完全無料 | H124: 無料で利用可能 | I124: △
... A128: Canva | B128: https://www.canva.com | C128: オーストラリア | D128: Canva | E128: デザイン・UI/UX、画像作成、動画作成 | F128: テンプレートが非常に豊富 AIで画像・文章・動画を生成 スライド・チラシ・SNS投稿 共同編集 | G128: 無料枠あり | H128: 無料プランあり（回数・機能に制限） | I128: ◯
A129: remove.bg | B129: https://www.remove.bg | C129: オーストリア | D129: Kaleido AI（Canva） | E129: 画像編集 | F129: 写真の背景を数秒で自動除去 髪の毛まで高精度 一括処理 無料は小さいサイズ | G129: 無料枠あり | H129: 低解像度は無料 | I129: △ | J129: ◯
A130: Photoroom | B130: https://www.photoroom.com | C130: フランス | D130: Photoroom | E130: 画像編集 | F130: 商品写真の背景除去 AIで背景を生成 影の自動追加 スマホアプリが便利 | G130: 無料枠あり | H130: 無料プランあり（回数・機能に制限） | I130: ◯
A131: Clipdrop | B131: https://clipdrop.co | C131: フランス | D131: Jasper | E131: 画像編集、画像作成 | F131: 背景除去 不要な物の消去 画像の高画質化 照明の変更 | G131: 無料枠あり | H131: 無料プランあり（回数・機能に制限） | I131: △
A132: Cleanup.pictures | B132: https://cleanup.pictures | C132: フランス | D132: Clipdrop | E132: 画像編集 | F132: 写真の人や物をなぞって消す 自然に背景を補完 ブラウザで簡単 無料枠 | G132: 無料枠あり | H132: 無料プランあり（回数・機能に制限） | I132: △ | J132: ◯
A133: Upscayl | B133: https://upscayl.org | C133: インド | D133: Upscayl | E133: 画像編集 | F133: 画像を高画質のまま拡大 PCで動く無料ソフト Windows・Mac・Linux 一括処理 | G133: 完全無料 | H133: 無料で利用可能 | I133: △ | J133: ◯
A134: Real-ESRGAN | B134: https://github.com/xinntao/Real-ESRGAN | C134: 中国 | D134: Tencent ARC Lab | E134: 画像編集 | F134: 低画質画像を鮮明に拡大 アニメ用モデル ノイズ除去 オープンソース | G134: 完全無料 | H134: 無料で利用可能 | I134: △
A135: waifu2x | B135: https://unlimited.waifu2x.net | C135: 日本 | D135: nagadomi | E135: 画像編集、日本語特化 | F135: イラスト・アニメ画像の拡大 ノイズ除去 ブラウザで無料 日本発 | G135: 完全無料 | H135: 無料で利用可能 | I135: ◯ | J135: ◯
A136: Let's Enhance | B136: https://letsenhance.io | C136: ウクライナ | D136: Let's Enhance | E136: 画像編集 | F136: 印刷向けの高画質拡大 色・明るさの補正 一括処理 無料枠 | G136: 無料枠あり | H136: 無料プランあり（回数・機能に制限） | I136: △
A137: Topaz Photo AI | B137: https://www.topazlabs.com | C137: アメリカ | D137: Topaz Labs | E137: 画像編集 | F137: プロ向けの高画質化 ノイズ除去・ぼけ修正 顔の復元 有料ソフト（試用あり） | G137: トライアルのみ | H137: 無料トライアルのみ（継続利用は有料） | I137: △
A138: Pixlr | B138: https://pixlr.com | C138: シンガポール | D138: Inmagine | E138: 画像編集、デザイン・UI/UX | F138: ブラウザで使える画像編集 AI生成・背景除去 テンプレート インストール不要 | G138: 無料枠あり | H138: 無料プランあり（回数・機能に制限） | I138: ◯
A139: Fotor | B139: https://www.fotor.com | C139: 中国 | D139: Everimaging | E139: 画像編集、画像作成 | F139: 写真の自動補正 背景除去・不要物消去 AI画像生成 テンプレート | G139: 無料枠あり | H139: 無料プランあり（回数・機能に制限） | I139: ◯
A140: Photopea | B140: https://www.photopea.com | C140: チェコ | D140: Photopea | E140: 画像編集 | F140: Photoshopに近い操作をブラウザで PSDファイルを開ける AIで画像の一部を置き換え 無料（広告あり） | G140: 完全無料 | H140: 無料（広告あり） | I140: ◯ | J140: ◯
A141: Picsart | B141: https://picsart.com | C141: アメリカ | D141: Picsart | E141: 画像編集、デザイン・UI/UX | F141: スマホで写真加工 AIで画像生成・背景変更 ステッカー作成 SNS向けテンプレート | G141: 無料枠あり | H141: 無料プランあり（回数・機能に制限） | I141: ◯
A142: Snapseed | B142: https://play.google.com/store/apps/details?id=com.niksoftware.snapseed | C142: アメリカ | D142: Google | E142: 画像編集 | F142: Google製の写真編集アプリ 部分補正・ブラシ 自動補正 完全無料 | G142: 完全無料 | H142: 無料で利用可能 | I142: ◯ | J142: ◯
...

Sheet カテゴリ一覧
A1: カテゴリ名（このとおりに入力） | B1: 説明 | C1: 登録数
A2: よく使われるAIのTOP10 | B2: 世界で実際によく使われているAIを10個選んだものです。何から試せばいいか迷ったら、まずここから。 | C2: =COUNTIF('AIツール一覧'!$E$2:$E$1996,"*"&A2&"*") -> 10
A3: パーソナルアシスタント | B3: 会話でなんでも頼める、いわゆる「AIチャット」です。用途が決まっていないときの万能型です。 | C3: =COUNTIF('AIツール一覧'!$E$2:$E$1996,"*"&A3&"*") -> 31
A4: 情報検索・リサーチ | B4: Webを検索して最新情報を集め、情報元のリンク付きで答えてくれるAIです。 | C4: =COUNTIF('AIツール一覧'!$E$2:$E$1996,"*"&A4&"*") -> 25
A5: ノーコードでアプリ作成 | B5: プログラミングを知らなくても、文章で指示するだけでアプリやWebサイトを作れるAIです。 | C5: =COUNTIF('AIツール一覧'!$E$2:$E$1996,"*"&A5&"*") -> 18
A6: 開発者向けツール | B6: プログラムを書ける人が、AIを使ったシステムを作るための部品や道具です。 | C6: =COUNTIF('AIツール一覧'!$E$2:$E$1996,"*"&A6&"*") -> 49
A7: コード補完 | B7: プログラムを書いている途中で、AIが続きを予測して提案してくれます。 | C7: =COUNTIF('AIツール一覧'!$E$2:$E$1996,"*"&A7&"*") -> 20
A8: Android開発 | B8: Androidアプリ作りに役立つAIです。Android StudioやKotlinに対応しています。 | C8: =COUNTIF('AIツール一覧'!$E$2:$E$1996,"*"&A8&"*") -> 7
A9: ゲーム開発 | B9: キャラクターや3Dの素材作り、ゲームそのものの作成に役立つAIです。 | C9: =COUNTIF('AIツール一覧'!$E$2:$E$1996,"*"&A9&"*") -> 8
A10: 画像作成 | B10: 文章で指示すると、イラストや写真のような画像をゼロから作るAIです。 | C10: =COUNTIF('AIツール一覧'!$E$2:$E$1996,"*"&A10&"*") -> 39
A11: 画像編集 | B11: すでにある写真や画像を加工するAIです。背景除去、不要物の消去、高画質化など。 | C11: =COUNTIF('AIツール一覧'!$E$2:$E$1996,"*"&A11&"*") -> 24
A12: 3Dモデル生成 | B12: 文章や画像から、立体的な3Dデータを作るAIです。 | C12: =COUNTIF('AIツール一覧'!$E$2:$E$1996,"*"&A12&"*") -> 6
A13: 動画作成 | B13: 映像の生成、AIアバターが話す動画、撮った動画の編集などができるAIです。 | C13: =COUNTIF('AIツール一覧'!$E$2:$E$1996,"*"&A13&"*") -> 34
... A28: 日本語特化 | B28: 日本の会社が作ったAIや、日本語に特に強いAIです。 | C28: =COUNTIF('AIツール一覧'!$E$2:$E$1996,"*"&A28&"*") -> 18
